% Model,GRIN_Paper_Total_Build.mph
% Version,COMSOL 5.4.0.388
% Date,"Feb 17 2020, 10:54"
% Table,Table 3 - Point Evaluation 1 (acpr.p_t)
% freq,"abs(acpr.p_t) (Pa), Point: 11","abs(acpr.p_t) (Pa), Point: 14","abs(acpr.p_t) (Pa), Point: 15","abs(acpr.p_t) (Pa), Point: 16","abs(acpr.p_t) (Pa), Point: 1269","abs(acpr.p_t) (Pa), Point: 1270","abs(acpr.p_t) (Pa), Point: 1271","abs(acpr.p_t) (Pa), Point: 1272","abs(acpr.p_t) (Pa), Point: 1273","abs(acpr.p_t) (Pa), Point: 1274","abs(acpr.p_t) (Pa), Point: 1275","abs(acpr.p_t) (Pa), Point: 1276","abs(acpr.p_t) (Pa), Point: 1277","abs(acpr.p_t) (Pa), Point: 1278","abs(acpr.p_t) (Pa), Point: 1279","abs(acpr.p_t) (Pa), Point: 1280","abs(acpr.p_t) (Pa), Point: 1281","abs(acpr.p_t) (Pa), Point: 1282","abs(acpr.p_t) (Pa), Point: 1283","abs(acpr.p_t) (Pa), Point: 1284","abs(acpr.p_t) (Pa), Point: 1285","abs(acpr.p_t) (Pa), Point: 1286","abs(acpr.p_t) (Pa), Point: 1287","abs(acpr.p_t) (Pa), Point: 1288","abs(acpr.p_t) (Pa), Point: 1289","abs(acpr.p_t) (Pa), Point: 1290","abs(acpr.p_t) (Pa), Point: 1291","abs(acpr.p_t) (Pa), Point: 1292","abs(acpr.p_t) (Pa), Point: 1293","abs(acpr.p_t) (Pa), Point: 1294","abs(acpr.p_t) (Pa), Point: 1295","abs(acpr.p_t) (Pa), Point: 1296","abs(acpr.p_t) (Pa), Point: 1297","abs(acpr.p_t) (Pa), Point: 1298","abs(acpr.p_t) (Pa), Point: 1299","abs(acpr.p_t) (Pa), Point: 1300","abs(acpr.p_t) (Pa), Point: 1301"
2300,0.04524255281210314,0.04524211279205077,0.04546669697721376,0.04538914910657909,0.04501288314850819,0.044859796900990706,0.042506566783146696,0.04232790205510756,0.03809860680271751,0.03795502671607152,0.03526962527217588,0.03524429749837882,0.03731424819535692,0.03736760369419898,0.04190879396703252,0.042027616294735594,0.04376861069753141,0.04379929046777977,0.036819196311878875,0.036819615309298004,0.016614921966650705,0.016552892764233065,0.020870401424924058,0.02098339310939234,0.07606775406507099,0.07627449892399073,0.14801430957787587,0.14818833677644955,0.22990478784004137,0.23008879317025405,0.312698453469334,0.3127814682702125,0.38451529521948735,0.38467622179355704,0.4333623043524623,0.43334092067602875,0.4507040570544471
