% Model,GRIN_Test_Pressure.mph
% Version,COMSOL 5.4.0.388
% Date,"Jan 27 2020, 12:15"
% Table,"Table 1 - Global Evaluation 1 (T_mag, T_Phase, R_mag, R_Phase)"
% freq (Hz),T_mag (1),R_mag (1),T_Phase (deg),R_Phase (deg)
500,0.9969521284845209,0.07889346396614998,-8.824694021028163,81.18659038930195
1000,0.9878585665547077,0.15642352844189394,-17.601102886481225,72.40652639833792
1500,0.973042136830359,0.23119775080236832,-26.274593295935485,63.6979165425475
2000,0.9531591481975107,0.3019265093430464,-34.78927616246493,55.11976140114449
2500,0.9291973759635166,0.3675927446586845,-43.09551031294618,46.73581364921684
3000,0.9023617225295666,0.4276102830203033,-51.15907141413889,38.60241796052584
